product_id,product_name
100000,Din Varukorg Är Tom
100006,Verlobungsringe Prunella
100001,Inel de Logodnă Orva
100003,Förlovningsring Pemangile
100004,Bague de fiançailles Pieretta
100002,Bague de fiançailles Palmier
100005,Engagement Ring Pravin
100008,Shopping Bag is Empty
100007,Engagement Ring Purnima
100009,Engagement Ring Serilda
100010,GLAMIRA Ring Soria
100012,Verlobungsring Varese
100011,Verlobungsring Trinetta
100013,Bague de fiançailles Velma
100014,Engagement Ring Verona
100015,Engagement Ring Voileta
100016,GLAMIRA Ring Reyneke
100017,GLAMIRA Ring Rudolfia
100020,GLAMIRA Anillo Wrangel
100019,GLAMIRA Ringen Severny
100018,GLAMIRA Ring Sakhalin
100021,Дамска висулка Abellone
100022,Damen anhänger Acantha
100023,Női medál Alzira
100024,Colgante de Mujer Arline
100026,Women's Pendant Aygen
100025,Pandantiv Dama Audrisa
100027,Kvinnens anheng Bertina
100030,Access Denied
100028,Pendentif pour femme Blanda
100029,Dames Hanger Delmira
100031,Ženski privjesak Druella
100032,Colgante de Mujer Eberta
100033,Einkaufswagen ist leer
100035,Dámsky náhrdelník Farika
100034,Dames Hanger Elise
100036,Pendentif pour femme Flede
100037,Women's Pendant Frodine
100038,Colgante de Mujer Idelia
100040,GLAMIRA Pandantiv Karlin
100039,Ciondolo da donna Jolandi
100043,404 Sayfa bulunamadı | GLAMIRA.com.tr
100041,Kvinnans halsband Liezel
100042,Collier pour femme Lovissa
100048,404 Sayfa bulunamadı | GLAMIRA.com.tr
100045,GLAMIRA Riipus Odila
100044,Pandantiv Dama Marlisa
100046,Kvinnans hänge Ordelie
100047,Női medál Renild
100049,Kvinnans hänge Tibelde
100050,Colgante de Mujer Vedia
100058,Access Denied
100051,Collar de Mujer Zerelda
100052,Boucle d'oreille femme Abiru
100054,Damen ohrring Affan
100055,Boucle d'oreille femme Afshan
100057,Women's Earring Akdes
100059,Boucle d'oreille femme Akmar
100060,Boucle d'oreille femme Alaleh
100061,Cercei Dama Alayunt
100063,Női fülbevaló Almula
100062,Damen ohrring Alisa
100064,Női fülbevaló Amiran
100065,Dámský náušnice Anark
100066,Naise kõrvarõngas Andelip
100070,Access Denied
100067,Дамска обица Argana
100074,Access Denied
100068,Damen ohrring Arikal
100069,Orecchino da donna Arsal
100071,Kvinnans örhänge Assieh
100072,Orecchino da donna Atoosa
100073,Dámsky náušnice Azita
100076,Cercei Dama Bedia
100077,Women's Earring Bedirnisa
100075,Női fülbevaló Beder
100078,Boucle d'oreille femme Bedreka
100080,Cercei Dama Besalet
100081,Pendiente de mujer Bihine
100079,Damen ohrring Berceste
100082,Kvinnans örhänge Binzet
100083,Ženski uhani Bolour
100084,Kolczyk damski Calibe
100085,Дамска обица Canel
100086,Women's Earring Cevza
100087,Women's Earring Chalipa
100088,Дамска обица Daime
100089,Női fülbevaló Dalayer
100090,Дамска обица Delbar
100091,Damen ohrring Demhosie
100092,Damen ohrring Deviner
100093,Moteriškas auskaras Duhter
100094,Boucle d'oreille femme Ecateri
100095,Cercei Dama Farangis
100096,Damen ohrring Ghodsi
100097,Cercei Dama Golnar
100098,Kvinnans örhänge Jenilie
100099,Pendiente de mujer Lacramiora
100104,Access Denied
100100,Дамска обица Ligia
100101,Kvinnans örhänge Madalina
100102,Women's Earring Mariutz
100103,Damen ohrring Nedezhda
100106,Kolczyk damski Olimpia
100109,404 Sayfa bulunamadı | GLAMIRA.com.tr
100111,404 Not Found 1 | GLAMIRA.bg
100110,Dječji privjesak Messier
100107,Women's Earring Onorata
100108,GLAMIRA Anillo Georga
100115,404 Sayfa bulunamadı | GLAMIRA.com.tr
100112,Women's Earring Radifel
100114,Dámsky náušnice Shaya
100113,Boucle d'oreille femme Raika
100116,Pendiente de mujer Tarman
100117,Női fülbevaló Taypars
100118,Women's Earring Teberhun
100124,Access Denied
100119,Дамска обица Tenvir
100120,Női fülbevaló Tercimer
100122,Dámsky náušnice Tolash
100121,Kolczyk damski Terlan
100123,Női fülbevaló Tongal
100125,Dámsky náušnice Unsila
100126,Cercei Dama Vamika
100127,Kvinnans örhänge Vefia
100128,Pendiente de mujer Yegah
100129,Moteriškas auskaras Zamire
100131,Anillo para Niño Ajha
100130,Kid's Ring Aefre
100134,404 Sayfa bulunamadı | GLAMIRA.com.tr
100132,Kid's Ring Algan
100133,Kid's Ring Bumbleberry
100140,Access Denied
100136,Detský prsteň Marigold
100135,Kid's Ring Hajar
100137,Detský prsteň Micah
100139,Pierścionki dziecięce Riccia
100138,Kid's Ring Rainbo
100141,Dječji prsten Risley
100142,Dječji prsten Sayresh
100145,404 Sayfa bulunamadı | GLAMIRA.com.tr
100143,Kid's Ring Scirloc
100144,GLAMIRA Kids Ring Stanwyk
100146,Lapse sõrmus Sunniva
100147,Kid's Ring Taina
100149,Anel Infantil Tiane
100148,Anillo para Niño Tegan
100150,Kinder ring Tomasina
100151,Kid's Ring Toyah
100152,Kid's Ring Trixie
100153,Anillo para Niño Verley
100154,GLAMIRA Kids Ring Versie
100155,Anello per bambino Welsa
100156,Inel copii Welss
100157,Kid's Ring Wenda
100158,Anillo para Niño Wilona
100159,Kinder ring Zanda
100160,Kid's Ring Zelene
100161,Детска пръстен Adelido
100162,Barnering Bolaria
100163,Anillo para Niño Josiah
100164,Dječji prsten Lodema
100165,GLAMIRA Kids Ring Makalah
100166,Barnring Maniola
100167,Anel Infantil Mondraka
100168,Kid's Ring Shiloh
100169,Anillo para Niño Taite
100170,Anillo para Niño Thayne
100175,Kid's Ring Chans
100171,Lapse sõrmus Tryna
100174,Anillo para Niño Zhane
100173,Детска пръстен Zayne
100176,Kid's Ring Efsa
100172,Детска пръстен Yetta
100177,Lapsen sormus Halona
100178,Kinder ring Makayl
100180,Gyerek gyűrű Ponmile
100179,Anillo para Niño Maryjo
100182,Lapsen sormus Sanita
100183,Detský prsteň Stewey
100181,Kid's Ring Rimona
100185,404 Seite  nicht gefunden ES | GLAMIRA.com.mx
100186,404 Seite  nicht gefunden ES | GLAMIRA.es
100187,404 Sayfa bulunamadı | GLAMIRA.com.tr
100184,Anillo para Niño Thomdic
100189,404 Not Found 1 | GLAMIRA NZ
100190,404 Not Found 1 | GLAMIRA UK
100188,Anillo de boda Adore Garden 6 mm
100191,Anel de Casamento Adore Garden 8 mm
100196,404 Seite  nicht gefunden ES | GLAMIRA.com.mx
100192,Men's Wedding Ring Adore Garden 8 mm
100194,Adore Garden 10 mm
100193,Damen trauring Adore Garden 8 mm
100195,Ringe til mænd Adore Garden 10 mm
100197,404 Sayfa bulunamadı | GLAMIRA.com.tr
100198,Men's Wedding Ring Bright Spell 5 mm
100199,Kvinnens giftering Bright Spell 5 mm
100200,Anillo de boda Bright Spell 6 mm
100201,Fede nuziale uomo Bright Spell 6 mm
100202,Dámský snubní prsteny Bright Spell 6 mm
100203,結婚戒指 Bright Spell 8 mm
100209,404 Not Found 1 | GLAMIRA UK
100210,404 Sayfa bulunamadı | GLAMIRA.com.tr
100204,Mænds vielsesring Bright Spell 8 mm
100205,Kvinnens giftering Bright Spell 8 mm
100206,Bright Spell 10 mm
100207,Men's Ring Bright Spell 10 mm
100208,Women's Ring Bright Spell 10 mm
100211,404 Seite  nicht gefunden DE | GLAMIRA.de
100212,Giftering Fantastic Bright Ribbon 5 mm
100213,Anillo Boda Hombre Fantastic Bright Ribbon 5 mm
100216,Anillo Boda Hombre Fantastic Bright Ribbon 6 mm
100214,Anillo Boda Mujer Fantastic Bright Ribbon 5 mm
100217,여성 결혼 반지 Fantastic Bright Ribbon 6 mm
100215,Брачна халка Fantastic Bright Ribbon 6 mm
100219,Alliance pour homme Fantastic Bright Ribbon 8 mm
100218,Bague de Mariage Fantastic Bright Ribbon 8 mm
100220,Dames Trouwring Fantastic Bright Ribbon 8 mm
100222,Men's Ring Fantastic Bright Ribbon 10 mm
100223,Anillo de mujer Fantastic Bright Ribbon 10 mm
100221,Fantastic Bright Ribbon 10 mm
100224,Anel de Casamento Fantastic Core 6 mm
100226,404 Sayfa bulunamadı | GLAMIRA.com.tr
100225,Mænds vielsesring Fantastic Core 6 mm
100230,404 Sayfa bulunamadı | GLAMIRA.com.tr
100227,Ehering Fantastic Core 8 mm
100228,Vyro vestuvinis žiedas Fantastic Core 8 mm
100231,Herrering Fantastic Core 10 mm
100229,Дамска Брачна халка Fantastic Core 8 mm
100232,Women's Ring Fantastic Core 10 mm
100233,Fantastic Music 10 mm
100234,Herrenring Fantastic Music 10 mm
100235,Pierścionek dla kobiety Fantastic Music 10 mm
100236,Karikagyűrű Fantastic Ribbon 5 mm
100237,Alliance pour homme Fantastic Ribbon 5 mm
100238,Ženski poročni prstan Fantastic Ribbon 5 mm
100243,404 Sayfa bulunamadı | GLAMIRA.com.tr
100239,Trauring Fantastic Ribbon 6 mm
100240,Anel Casamento Masculino Fantastic Ribbon 6 mm
100242,Anel de Casamento Fantastic Ribbon 8 mm
100241,Kvinnans vigselring Fantastic Ribbon 6 mm
100244,Women's Wedding Ring Fantastic Ribbon 8 mm
100245,Fantastic Ribbon 10 mm
100249,Herrering Fantastic Waves 10 mm
100248,Fantastic Waves 10 mm
100247,Women's Ring Fantastic Ribbon 10 mm
100250,Bague pour femmes Fantastic Waves 10 mm
100252,Muški prsteni Sensual Corona 10 mm
100246,Herrenring Fantastic Ribbon 10 mm
100251,Sensual Corona 10 mm
100256,Damen trauring Sensual Night 5 mm
100257,Giftering Sensual Night 6 mm
100253,Women's Ring Sensual Corona 10 mm
100259,Verigheta Femei Sensual Night 6 mm
100254,Wedding Ring Sensual Night 5 mm
100255,Men's Ring Sensual Night 5 mm
100258,Men's Wedding Ring Sensual Night 6 mm
100260,404 Sayfa bulunamadı | GLAMIRA.com.tr
100261,404 Sayfa bulunamadı | GLAMIRA.com.tr
100264,Nhẫn Nam Sensual Night 10 mm
100263,Sensual Night 10 mm
100265,Damesring Sensual Night 10 mm
100262,Women's Wedding Ring Sensual Night 8 mm
100267,Men's Ring Splendid Iwy 4 mm
100266,Splendid Iwy 4 mm
100270,Access Denied
100268,Anello da donna Splendid Iwy 4 mm
100269,Abielusõrmus Splendid Iwy 5 mm
100272,Anillo Boda Mujer Splendid Iwy 5 mm
100271,Mannens ring Balconi
100273,Wedding Ring Splendid Iwy 6 mm
100274,Men's Wedding Ring Splendid Iwy 6 mm
100275,Anillo Boda Mujer Splendid Iwy 6 mm
100276,Wedding Ring Splendid Iwy 8 mm
100277,Alliance pour homme Splendid Iwy 8 mm
100278,Verigheta Femei Splendid Iwy 8 mm
100279,Splendid Iwy 10 mm
100282,Splendid Rose 4 mm
100280,Men's Ring Splendid Iwy 10 mm
100281,Damenring Splendid Iwy 10 mm
100283,Men's Ring Splendid Rose 4 mm
100284,Women's Ring Splendid Rose 4 mm
100285,Wedding Ring Splendid Rose 5 mm
100286,Anillo Boda Hombre Splendid Rose 5 mm
100287,Anillo Boda Mujer Splendid Rose 5 mm
100289,Men's Wedding Ring Splendid Rose 6 mm
100288,Trauring Splendid Rose 6 mm
100290,Women's Wedding Ring Splendid Rose 6 mm
100293,Kvinnans vigselring Splendid Rose 8 mm
100292,Fede nuziale uomo Splendid Rose 8 mm
100295,Men's Ring Splendid Rose 10 mm
100294,Splendid Rose 10 mm
100296,Women's Ring Splendid Rose 10 mm
100297,Splendid Shape 4 mm
100291,Anillo de boda Splendid Rose 8 mm
100299,404 Sayfa bulunamadı | GLAMIRA.com.tr
100300,Karikagyűrű Splendid Shape 5 mm
100298,Anel Masculinos Splendid Shape 4 mm
100301,Férfi karikagyűrű Splendid Shape 5 mm
100304,Pánský snubní prsteny Splendid Shape 6 mm
100303,Wedding Ring Splendid Shape 6 mm
100302,Damen trauring Splendid Shape 5 mm
100305,Women's Wedding Ring Splendid Shape 6 mm
100310,404 Sayfa bulunamadı | GLAMIRA.com.tr
100306,Ehering Splendid Shape 8 mm
100312,404 Sayfa bulunamadı | GLAMIRA.com.tr
100307,Mies vihkisormus Splendid Shape 8 mm
100308,Damen trauring Splendid Shape 8 mm
100309,Splendid Shape 10 mm
100311,Women's Ring Splendid Shape 10 mm
100314,Women's Wedding Ring Happiness Drops 5 mm
100317,Women's Wedding Ring Happiness Drops 6 mm
100316,Pánský snubní prsteny Happiness Drops 6 mm
100319,Alliance pour homme Happiness Drops 8 mm
100315,Anel de Casamento Happiness Drops 6 mm
100313,Pánský snubní prsteny Happiness Drops 5 mm
100318,Trauring Happiness Drops 8 mm
100321,404 Sayfa bulunamadı | GLAMIRA.com.tr
100326,404 Sayfa bulunamadı | GLAMIRA.com.tr
100320,Alliance pour femme Happiness Drops 8 mm
100322,Men's Ring Happiness Drops 10 mm
100324,Vigselring Wondrous Barbara 5 mm
100323,Women's Ring Happiness Drops 10 mm
100325,Herren trauring Wondrous Barbara 5 mm
100327,Wedding Ring Wondrous Barbara 6 mm
100328,Mies vihkisormus Wondrous Barbara 6 mm
100329,Anillo Boda Mujer Wondrous Barbara 6 mm
100331,Anillo de hombre Wondrous Barbara 8 mm
100330,Wondrous Barbara 8 mm
100332,Damenring Wondrous Barbara 8 mm
100333,Wondrous Barbara 10 mm
100334,Men's Ring Wondrous Barbara 10 mm
100335,Damenring Wondrous Barbara 10 mm
100336,Bague de Mariage Wondrous Lucy 6 mm
100337,Mies vihkisormus Wondrous Lucy 6 mm
100338,Women's Wedding Ring Wondrous Lucy 6 mm
100340,Mænds vielsesring Wondrous Lucy 8 mm
100339,Trauring Wondrous Lucy 8 mm
100341,Sievietes laulību gredzens Wondrous Lucy 8 mm
100342,Wondrous Lucy 10 mm
100343,Men's Ring Wondrous Lucy 10 mm
100344,Damenring Wondrous Lucy 10 mm
100347,Nákupní Košík Je Prázdný
100346,Heren Trouwring Wondrous Susan 6 mm
100345,Anillo de Pareja Wondrous Susan 6 mm
100348,Wondrous Susan 8 mm
100349,Bague pour hommes Wondrous Susan 8 mm
100350,Ženski prsteni Wondrous Susan 8 mm
100351,Wondrous Susan 10 mm
100352,Bague pour hommes Wondrous Susan 10 mm
100353,Damenring Wondrous Susan 10 mm
100354,Obrączka ślubna Wondrous Embroidery 4 mm
100355,Herren trauring Wondrous Embroidery 4 mm
100356,Anel Casamento Feminino Wondrous Embroidery 4 mm
100357,Trauring Wondrous Embroidery 5 mm
100358,Herren trauring Wondrous Embroidery 5 mm
100359,Women's Wedding Ring Wondrous Embroidery 5 mm
100361,Einkaufswagen ist leer
100360,Trauring Wondrous Embroidery 6 mm
100362,Women's Wedding Ring Wondrous Embroidery 6 mm
100366,404 Sayfa bulunamadı | GLAMIRA.com.tr
100363,Wondrous Embroidery 8 mm
100365,Einkaufswagen ist leer
100364,Herrenring Wondrous Embroidery 8 mm
100367,Men's Ring Wondrous Embroidery 10 mm
100368,Women's Ring Wondrous Embroidery 10 mm
100372,Trauring Wondrous Valley 4 mm
100374,Anillo Boda Mujer Wondrous Valley 4 mm
100373,Alliance pour homme Wondrous Valley 4 mm
100376,Mannens giftering Wondrous Valley 5 mm
100375,Wedding Ring Wondrous Valley 5 mm
100377,Anillo Boda Mujer Wondrous Valley 5 mm
100378,Брачна халка Wondrous Valley 6 mm
100379,Alliance pour homme Wondrous Valley 6 mm
100380,Anillo Boda Mujer Wondrous Valley 6 mm
100382,Viriesu Gredzens Wondrous Valley 8 mm
100381,Wondrous Valley 8 mm
100383,Damring Wondrous Valley 8 mm
100384,Wondrous Valley 10 mm
100386,Damesring Wondrous Valley 10 mm
100385,Anillo de hombre Wondrous Valley 10 mm
100389,Women's Wedding Ring Adore Alegria 5 mm
100388,Men's Wedding Ring Adore Alegria 5 mm
100391,Mies vihkisormus Adore Alegria 6 mm
100390,Laulību gredzens Adore Alegria 6 mm
100387,Wedding Ring Adore Alegria 5 mm
100392,Anillo Boda Mujer Adore Alegria 6 mm
100393,Adore Alegria 8 mm
100394,Access Denied
100399,404 Not Found 1 | GLAMIRA Canada
100400,404 Seite  nicht gefunden DE | GLAMIRA.de
100401,404 Not Found 1 | GLAMIRA.it
100397,Meeste sõrmused Adore Alegria 10 mm
100398,Ženski prstani Adore Alegria 10 mm
100395,Women's Ring Adore Alegria 8 mm
100396,Adore Alegria 10 mm
100406,Herrenring Adore Belief 8 mm
100405,Adore Belief 8 mm
100407,Anillo de mujer Adore Belief 8 mm
100408,Adore Belief 10 mm
100409,Herrering Adore Belief 10 mm
100410,Bague pour femmes Adore Belief 10 mm
100411,Trauring Adore Phoenix 6 mm
100412,Men's Wedding Ring Adore Phoenix 6 mm
100413,Women's Wedding Ring Adore Phoenix 6 mm
100415,Herrenring Adore Phoenix 8 mm
100414,Adore Phoenix 8 mm
100417,Adore Phoenix 10 mm
100416,Damenring Adore Phoenix 8 mm
100418,Herrenring Adore Phoenix 10 mm
100420,404 Not Found 1 | GLAMIRA.pl
100421,404 kunde ej hittas | GLAMIRA.se
100424,404 Sayfa bulunamadı | GLAMIRA.com.tr
100422,404 Not Found 1 | GLAMIRA UK
100419,Damenring Adore Phoenix 10 mm
100425,Дамска Брачна халка Adore Princess 7 mm
100423,Wedding Ring Adore Princess 7 mm
100426,Adore Princess 8 mm
100427,Bague pour hommes Adore Princess 8 mm
100428,Ringe til kvinder Adore Princess 8 mm
100429,Adore Princess 10 mm
100430,Herring Adore Princess 10 mm
100431,Naisten sormus Adore Princess 10 mm
100432,Svadobné obrúčky Adore Sassy 5 mm
100433,Men's Wedding Ring Adore Sassy 5 mm
100434,Anillo Boda Mujer Adore Sassy 5 mm
100436,Alliance pour homme Adore Sassy 6 mm
100437,Ženski poročni prstan Adore Sassy 6 mm
100435,Брачна халка Adore Sassy 6 mm
100439,Bague pour hommes Adore Sassy 8 mm
100438,Adore Sassy 8 mm
100442,404 Sayfa bulunamadı | GLAMIRA.com.tr
100440,Women's Ring Adore Sassy 8 mm
100441,Adore Sassy 10 mm
100446,404 Not Found 1 | GLAMIRA.hk
100443,Damenring Adore Sassy 10 mm
100444,結婚戒指 Adore Tale 5 mm
100445,Verigheta Bărbați Adore Tale 5 mm
100448,404 Seite  nicht gefunden ES | GLAMIRA.cl
100447,Wedding Ring Adore Tale 6 mm
100454,404 Sayfa bulunamadı | GLAMIRA.com.tr
100449,Anillo Boda Mujer Adore Tale 6 mm
100451,Ringe til mænd Adore Tale 8 mm
100450,Adore Tale 8 mm
100452,Bague pour femmes Adore Tale 8 mm
100453,Adore Tale 10 mm
100455,Anillo de mujer Adore Tale 10 mm
100458,IL CARRELLO È VUOTO
100461,404 Sayfa bulunamadı | GLAMIRA.com.tr
100456,Vestuvinis žiedas Adore Visual 5 mm
100459,Брачна халка Adore Visual 6 mm
100457,Herren trauring Adore Visual 5 mm
100460,Herren trauring Adore Visual 6 mm
100462,Adore Visual 8 mm
100467,404 Sayfa bulunamadı | GLAMIRA.com.tr
100464,Kvinnering Adore Visual 8 mm
100463,Men's Ring Adore Visual 8 mm
100466,Shopping Bag is Empty
100465,Adore Visual 10 mm
100468,Wedding Ring Alluring Sunday 5 mm
100469,Men's Wedding Ring Alluring Sunday 5 mm
100472,404 Sayfa bulunamadı | GLAMIRA.com.tr
100475,404 Sayfa bulunamadı | GLAMIRA.com.tr
100471,Vestuvinis žiedas Alluring Sunday 6 mm
100470,Women's Ring Alluring Sunday 5 mm
100474,Alluring Sunday 8 mm
100473,Damen trauring Alluring Sunday 6 mm
100476,Női gyűrű Alluring Sunday 8 mm
100477,Alluring Sunday 10 mm
100478,Miesten sormus Alluring Sunday 10 mm
100479,Women's Ring Alluring Sunday 10 mm
100483,404 Sayfa bulunamadı | GLAMIRA.com.tr
100480,Giftering Exotic Night 6 mm
100481,Men's Ring Exotic Night 6 mm
100484,404 Sayfa bulunamadı | GLAMIRA.com.tr
100482,Damen trauring Exotic Night 6 mm
100485,Naiste sõrmused Exotic Night 8 mm
100486,Exotic Night 10 mm
100490,Cufflink Adicus
100487,Men's Ring Exotic Night 10 mm
100488,Bague pour femmes Exotic Night 10 mm
100489,Копчета за ръкавели Akhilan
100491,GLAMIRA Cufflink Aidren
100492,Gemelo Nicandro
100493,Manschettenknöpfe Zarrius
100494,Gemelo Arturo
100495,Gemelo Zymond
100496,Manschettenknöpfe Alerio
100497,Manschettenknöpfe Adrion
100498,GLAMIRA Cufflink Acadius
100499,Butoni Amarus
100500,Gemelo Adorjan
100502,Spinki do mankietu Zeddicus
100501,GLAMIRA Cufflink Zachriel
100503,GLAMIRA Cufflink Beltran
100505,Manžetové knoflíčky Camero
100504,GLAMIRA Cufflink Nicanor
100506,Cufflink Cormack
100507,Manžetové gombíky Aedrick
100510,Gemelli Mikhalis
100508,GLAMIRA Cufflink Lukyan
100511,GLAMIRA Cufflink Halfon
100509,Manschettenknöpfe Delrico
100512,Manchetknap Chislon
100513,GLAMIRA Cufflink Euston
100515,Spinki do mankietu Faolan
100514,GLAMIRA Cufflink Manorath
100516,Cufflink Hermetis
100518,Manžetové gombíky Briand
100519,Bouton de manchette Zackarias
100517,커프스단추 Kassian
100520,Manschettenknöpfe Heribert
100523,404 Sayfa bulunamadı | GLAMIRA.com.tr
100522,Sąsagos Adelphos
100521,Cufflink Aldrian
100524,Cufflink Adarius
100525,Cufflink Abdrew
100526,GLAMIRA Cufflink Gwynfor
100527,Gemelo Aerrion
100528,Spinki do mankietu Inteus
100529,Manžetové gombíky Abundio
100530,Mansetinööp Chevell
100534,404 Sayfa bulunamadı | GLAMIRA.com.tr
100531,Cufflink Plutus
100532,Abotoadura Keagan
100535,Cufflink Adelbert
100536,Gemelli Abderus
100539,Cufflink Zeckiel
100537,Manschettknapp Ahmiel
100538,GLAMIRA Cufflink Macklin
100540,Sąsagos Adhruth
100541,Spinki do mankietu Yhanniel
100543,GLAMIRA Cufflink Deaglan
100542,GLAMIRA Cufflink Pagiel
100548,"GLAMIRA - Your Online Shop for Gold, Diamond and Wedding Jewellery"
100544,GLAMIRA Cufflink Zaviere
100545,GLAMIRA Cufflink Ademar
100546,GLAMIRA Cufflink Euclid
100547,Gemelo Rojelio
100549,Cufflink Abraxus
100550,Manšetni gumb Aggelos
100551,GLAMIRA Cufflink Cletus
100552,Manschettenknöpfe Elemer
100553,GLAMIRA Cufflink Urian
100554,Gemelo Abaddon
100555,Cufflink Abbondio
100557,Manschettenknöpfe Addicus
100556,Manschettenknöpfe Abboudi
100558,GLAMIRA Cufflink Aderayo
100559,Cufflink Admiel
100560,Копчета за ръкавели Adrianus
100562,Копчета за ръкавели Ajaden
100561,Bouton de manchette Airion
100566,Cufflink Arius
100563,Manžetové gombíky Alekos
100564,Mandzsettagomb Alpheus
100565,Aproču Pogas Antenor
100567,Cufflink Arnulfo
100568,GLAMIRA Cufflink Avdiel
100569,Manschettenknöpfe Blasian
100570,GLAMIRA Cufflink Bledig
100571,Cufflink Darrion
100572,Manschettenknöpfe Fabius
100573,GLAMIRA Cufflink Fabroni
100574,Manšetni gumb Farall
100576,Gemelo Frimunt
100575,Manschettenknöpfe Feodras
100577,Gemelo Gervasio
100578,Manschettknapp Jiannis
100579,Cufflink Medardo
100580,Aproču Pogas Ravindra
100581,Gemelo Rodion
100582,Manžetové gombíky Sandulf
100583,GLAMIRA Cufflink Savion
100584,GLAMIRA Cufflink Yadiel
100585,Manschettenknöpfe Yusniel
100586,Pendiente para Niño Aglais
100587,Kinderohrring Alfajores
100588,Pendiente para Niño Alfero
100589,Pendiente para Niño Aloft
100590,Detský náušnice Ambrosia
100591,Brinco Infantil Aphantopus
100594,Kid's Earring Arroz
100592,Kinderohrring Arbequina
100593,Barns ørering Arequipe
100595,Kinderohrring Balaton
100596,Kinderohrring Balbasar
100597,Dětský náušnice Baymax
100598,Kinderohrring Biscochitos
100599,Detský náušnice Blubell
100600,Gyerek fülbevaló Bombo
100601,Vaiko auskaras Brevas
100602,Boucle d'oreille enfant Brigadeiro
100603,Cercei copii Brioche
100604,Vaiko auskaras Brunkager
100606,Kinderohrring Bunuelos
100605,Детска обица Bunny
100608,Barns ørering Candy
100607,Kinderoorbellen Calisson
100609,Kinderohrring Canele
100610,Cercei copii Capidota
100611,Kinderohrring Capiratoda
100614,Kid's Earring Catalana
100612,Brinco Infantil Cappy
100613,Vaiko auskaras Cartola
100615,Kolczyki dziecięce Celastrina
100617,Cercei copii Trudi
100618,Vaiko auskaras Cholados
100616,Kid's Earring Cesar
100619,Otroška uhani Churros
100620,Kolczyki dziecięce Chuvisco
100621,Kolczyki dziecięce Cinnamon
100622,Dečiji minđuša Cocadas
100623,Cercei copii Colias
100625,Brinco Infantil Croissant
100624,Детска обица Creamery
100629,404 Sayfa bulunamadı | GLAMIRA.com.tr
100626,Детска обица Cupulate
100628,Kid's Earring Dariole
100627,Kinderoorbellen Custard
100631,Otroška uhani Dulce
100630,Детска обица Doobie
100632,Kinderohrring Eclair
100635,Vaiko auskaras Ensaimada
100633,Dječji naušnica Empanadas
100636,Kinderohrring Enyucado
100634,Kinderohrring Enchiladas
100638,Gyerek fülbevaló Erynnis
100637,GLAMIRA Kids Earring Erebia
100639,Dječji naušnica Faster
100640,Vaiko auskaras Ferb
100643,Pendiente para Niño Fraisier
100642,Lapsen korvakoru Flan
100641,Gyerek fülbevaló Fiesta
100644,Bērna auskars Galletas
100646,Kolczyki dziecięce Higgly
100645,Cercei copii Haukivesi
100648,Kid's Earring Jesuite
100647,Cercei copii Hipparchia
100650,Kolczyki dziecięce Konroy
100649,Vaiko auskaras Joker
100651,Детска обица Laduree
100653,Otroška uhani Lebowski
100652,Детска обица Lasiommata
100657,Access Denied
100658,404 Sayfa bulunamadı | GLAMIRA.com.tr
100654,Kid's Earring Leptidea
100655,GLAMIRA Kids Earring Limenitis
100656,Dečiji minđuša Lovebird
100659,Barns ørering Manny
100661,Kinderohrring Marmelade
100660,Kid's Earring Mario
100662,Pendiente para Niño Melanargia
100663,Kid's Earring Merely
100664,Brinco Infantil Merengon
100666,404 Sayfa bulunamadı | GLAMIRA.com.tr
100665,Pendiente para Niño Velni
100668,Barn Örhänge Mischief
100667,Детска обица Pecolia
100669,Детска обица Fenris
100670,Dječji naušnica Nachos
100674,Access Denied
100671,Kid's Earring Natilla
100672,Kid's Earring Norman
100673,Bērna auskars Obleas
100677,Access Denied
100675,Gyerek fülbevaló Olaf
100676,Kid's Earring Olia
100678,Детска обица Pavlova
100679,Vaiko auskaras Pecan
100680,Pendiente para Niño Pestinos
100681,Kolczyki dziecięce Phineas
100682,GLAMIRA Kids Earring Picarones
100683,Kolczyki dziecięce Polvorones
100684,Dječji naušnica Polygonia
100690,404 Sayfa bulunamadı | GLAMIRA.com.tr
100685,Детска обица Polyommatus
100687,Kolczyki dziecięce Feddie
100689,Lapse kõrvarõngas Pralines
100688,Kinderohrring Postre
100691,Kinderohrring Quesadas
100692,Gyerek fülbevaló Quetzal
100694,Detský náušnice Rice
100693,Dětský náušnice Rapadura
100696,Barn Örhänge Satyrium
100697,Kid's Earring Savarin
100695,Kinderohrring Salpicon
100698,Dječji naušnica Scutari
100699,Kid's Earring Secilia
100700,Brinco Infantil Segozero
100701,Dječji naušnica Sopapilla
100702,Bērna auskars Sophiel
100703,Kid's Earring Sorchia
100704,Pendiente para Niño Tipeez
100705,Detský náušnice Tocinillo
100709,404 Niet Gevonden | GLAMIRA.be
100706,Детска обица Tomalito
100711,404 Sayfa bulunamadı | GLAMIRA.com.tr
100707,Kinderohrring Torrijas
100708,Vaiko auskaras Torta
100710,Dječji naušnica Wiki
100712,Bērna auskars Winkle
100713,Dječji naušnica Winnie
100714,Kinderoorbellen Xavier
100715,Barn Hänge Blasa
100718,Pandantiv copii Ferduse
100716,Shopping Bag is Empty
100717,Детска висулка Efgende
100722,"GLAMIRA - Your Online Shop for Gold, Diamond and Wedding Jewellery"
100719,Colgante para Niño Feyha
100720,Gyerek medál Hasene
100721,儿童吊坠 Haver
100724,Colgante para Niño Kemina
100723,Детска висулка Kebuter
100725,Detský prívesok Kesara
100726,Colgante para Niño Koyash
100727,Lapse ripats Kutal
100728,Pendentif pour enfant Leyan
100729,GLAMIRA Kids Pendant Nevfel
100730,Pingente Infantil Periru
100731,Pandantiv copii Permun
100732,Pendentif pour enfant Pesent
100733,Detský prívesok Telma
100734,Colgante para Niño Usoa
100736,Kid's Pendant Zaika
100735,Kid's Pendant Yadra
100738,Pandantiv copii Adamsons
100737,Kinderhanger Zeria
100740,404 Sayfa bulunamadı | GLAMIRA.com.tr
100739,Colgante para Niño Augrobies
100741,Colgante para Niño Barskoon
100743,Lapse kaelakee Chayo
100744,Kid's Pendant Chiling
100745,Colgante para Niño Cirilo
100742,Kid's Pendant Cemerung
100746,Kid's Pendant Delaneys
100747,Kinderhanger Dodiongon
100748,Colgante para Niño Dolly
100749,Dečiji privezak Dorinda
100750,Dječji privjesak Fannie
100751,Detský prívesok Gabai
100752,Gyerek medál Hawick
100756,Access Denied
100753,Kinderanhänger Hiilawe
100754,Gyerek medál Hukou
100755,Pendentif pour enfant Hyatung
100759,404 Sayfa bulunamadı | GLAMIRA.com.tr
100758,Wisiorki dziecięce Jodi
100757,Pendentif pour enfant Jadipai
100762,Mặt dây chuyền trẻ em Kiliyur
100760,Collier pour enfant Kahiwa
100761,Kid's Pendant Khepri
100763,Kinderanhänger Kintampo
100764,Детска висулка Kinzelyuk
100766,El carrito de la compra está vacío
100765,Kid's Pendant Lisbon
100767,Colgante para Niño Mahua
100768,Wisiorki dziecięce Meenmutty
100769,Dječji privjesak Mooncake
100771,Kid's Pendant Mutumuna
100772,Colgante para Niño Ncandu
100776,404 Sayfa bulunamadı | GLAMIRA.com.tr
100777,404 Sayfa bulunamadı | GLAMIRA.com.tr
100773,Kid's Pendant Neith
100775,Vaiko pakabukas Pelverata
100774,Kid's Pendant Pagsanjon
100778,Wisiorki dziecięce Shalmash
100779,Colgante para Niño Skakavac
100780,Wisiorki dziecięce Slippery
100783,Kid's Pendant Tinkisso
100781,Kinderanhänger Tefnut
100784,Pandantiv copii Wulai
100782,Kinderanhänger Thomson
100786,Barns vedhæng Amalur
100787,Kinderanhänger Babette
100788,Colgante para Niño Bigor
100790,Detský prívesok Buttermilk
100789,Kid's Pendant Buinton
100792,Kinderanhänger Cascade
100793,Wisiorki dziecięce Cedro
100791,GLAMIRA Kids Pendant Calida
100794,Colgante para Niño Chela
100796,404 Sayfa bulunamadı | GLAMIRA.com.tr
100795,Pendentif pour enfant Chrisoula
100797,Barns vedhæng Ciclaly
100801,404 Sayfa bulunamadı | GLAMIRA.com.tr
100798,Colgante para Niño Cielita
100799,Dečiji privezak Cimaria
100800,Colgante para Niño Clancie
100802,Pandantiv copii Clarivel
100803,Colgante para Niño Clelie
100806,Colgante para Niño Climmie
100807,Lapse kaelakee Crescent
100804,Kinderanhänger Cleodis
100809,Gyerek medál Curro
100808,Pendentif pour enfant Pessy
100811,404 Sayfa bulunamadı | GLAMIRA.com.tr
100810,Kid's Pendant Cuyhoga
100813,Erreur 404 – La page est introuvable | GLAMIRA.be
100812,Detský prívesok Dollie
100814,Barn Hänge Duf
100815,Wisiorki dziecięce Ebor
100816,Детска висулка Edita
100818,Coliere copii Felisa
100817,Pendentif pour enfant Elakala
100819,Dětský přívěsek Galatsi
100821,Wisiorki dziecięce Danu
100822,Kinderhanger Jacinta
100823,Colgante para Niño Javornik
100824,Ciondolo per bambino Jemez
100826,Colgante para Niño Kisdon
100825,Gyerek medál Plummia
100827,Dječji privjesak Kopren
100828,Ciondolo per bambino Fawni
100829,Kid's Pendant Lalitha
100830,Dětský přívěsek Langfoss
100832,Dečiji privezak Linville
100833,Otroška obesek Lucila
100834,Детска висулка Lupita
100835,Kid's Pendant Mahood
100837,Colgante para Niño Maliau
100836,Kid's Pendant Maite
100838,Pingente Infantil Mammi
100839,Wisiorki dziecięce Maricel
100840,Kid's Pendant Melosia
100841,Kid's Pendant Millstream
100843,Colgante para Niño Finnola
100844,Pandantiv copii Mingo
100842,Kinderanhänger Milmilge
100846,Kid's Pendant Muddy
100845,Детска висулка Morans
100847,Kid's Pendant Muttnomah
100848,Pendentif pour enfant Neiva
100849,Vaiko pakabukas Nelia
100851,Kinderhanger Ozone
100850,Colgante para Niño Nunobiki
100852,Kid's Pendant Pachuca
100853,Детска висулка Palba
100854,Kid's Pendant Palouse
100855,Kid's Pendant Panther
100860,404 Sayfa bulunamadı | GLAMIRA.com.tr
100856,Colgante para Niño Pepita
100858,Kinderanhänger Perunarieska
100857,儿童吊坠 Pericnik
100861,Colgante para Niño Rijonie
100862,Otroška obesek Rinka
100863,Barn Hänge Risco
100864,404 Sayfa bulunamadı | GLAMIRA.com.tr
100865,Kid's Pendant Rufa
100866,Kinderanhänger Sachertote
100867,Kid's Pendant Salmon
100868,Pingente Infantil Sancia
100869,Colgante para Niño Shannon
100870,Детска висулка Sosolia
100871,Pandantiv copii Sowmika
100873,Wisiorki dziecięce Stabros
100872,Dječji privjesak Sridula
100874,Pandantiv copii Stamatia
100878,Kinderanhänger Stumpan
100876,Gyerek medál Starocs
100875,Kinderanhänger Starlita
100877,Kinderanhänger Stenisha
100884,Access Denied
100879,Dječji privjesak Sudipta
100880,Pendentif pour enfant Sulamita
100881,Pendentif pour enfant Suliana
100883,Barn Hänge Sumaswara
100882,GLAMIRA Kids Pendant Sullie
100885,Colgante para Niño Tierra
100886,Kid's Pendant Tinaroo
100887,404 Sayfa bulunamadı | GLAMIRA.com.tr
100888,Barns halskæde Twin
100889,Kid's Pendant Valul
100890,Pandantiv copii Veliki
100891,Wisiorki dziecięce Wangi
100892,Colgante para Niño Wapta
100893,Kid's Pendant Willamatte
100894,Manšetni gumb Acheron
100895,Cufflink Aireus
100897,Manžetové gombíky Ajulius
100896,Копчета за ръкавели Ajavion
100898,Gemelo Akerion
100900,Glamira Apyrankė Aranuka
100899,Gemelo Aaridon
100901,Glamira Bracciale Shifen
100902,Glamira Bracciale Zelen
100903,Glamira Náramek Drangely
100905,Glamira Pulsera Matamaras
100904,Glamira Armband Merida
100906,Glamira Apyrankė Dalve
100909,Glamira Brățară Santander
100908,GLAMIRA Bracelet Amarey
100910,Glamira Narukvica Ediana
100913,404 Sayfa bulunamadı | GLAMIRA.com.tr
100916,Access Denied
100912,Glamira Armbanden Katus
100911,Glamira Armband Jonha
100914,Glamira Apyrankė Stargazer
100915,Glamira Brățară Kuria
100917,GLAMIRA Bracelet Cuernavaca
100918,Glamira Armbånd Lavisa
100921,Glamira Zapestnica Manafossen
100920,Vòng Tay GLAMIRA Marakeil
100919,Glamira Armband Juarez
100922,Glamira Narukvica Pelotas
100923,GLAMIRA Bracelet Fassa
100924,Glamira Armband Cascavel
100925,Glamira Apyrankė Pamplona
100927,Glamira Pulsera Cathy
100931,Access Denied
100926,GLAMIRA Bracelet Veracruz
100928,Glamira Pulsera Kaly
100929,Glamira Armbånd Sretno
100930,Glamira Armbånd Vastanafallet
100933,Glamira Narukvica Valendam
100932,Glamira Armband Cherise
100935,Glamira Armbånd Colima
100936,Glamira Karkötő Ephie
100934,Glamira Armband Antiope
100937,GLAMIRA Bracelet Vicente
100938,GLAMIRA Bracelet Tuzan
100939,Glamira Armbånd Oviedo
100942,Glamira Pulsera Sabadell
100943,Glamira Narukvica Salamanca
100940,GLAMIRA Bracelet Sreca
100944,GLAMIRA Bracelet Kabwelume
100941,Glamira Armband Manthokha
100945,Glamira Гривна Renesse
100951,404 Sayfa bulunamadı | GLAMIRA.com.tr
100946,Glamira Karkötő Rawal
100947,GLAMIRA Bracelet Romanale
100948,Glamira Pulsera Kirsty
100950,Glamira Pulsera Mostoles
100952,GLAMIRA Bracelet Crven
100953,Glamira Brățară Rosa
100954,Glamira Käevõru Gazania
100955,GLAMIRA Bracelet Tarawa
100956,Glamira Armband Protea
100957,Glamira Narukvica Santiago
100958,Glamira Pulsera Nontes
100959,GLAMIRA Bracelet Mumbuluma
100960,Glamira Armband Teresina
100961,Glamira Гривна Valentina
100965,404 Sayfa bulunamadı | GLAMIRA.com.tr
100966,404 Sayfa bulunamadı | GLAMIRA.com.tr
100963,Glamira Náramok Canna
100962,Glamira Bracciale Tonala
100964,Glamira Pulsera Valladolid
100967,Glamira Armband Prilika
100970,Glamira Pulsera Nikumar
100969,GLAMIRA Bracelet Nogales
100968,GLAMIRA Bracelet Brandurella
100972,Glamira Pulsera Reynosa
100971,Glamira Pulsera Prioda
100973,GLAMIRA Bracelet Murcia
100974,Glamira Гривна Acnes
100975,Glamira Narukvica Admeta
100976,Glamira Pulsera Ahellona
100977,Glamira Armband Albacete
100979,Glamira Narukvica Alcyone
100978,Glamira Armband Alcippe
100980,Glamira Armbånd Aloysia
100981,404 Sayfa bulunamadı | GLAMIRA.com.tr
100988,Access Denied
100983,Glamira Bracciale Angelisa
100982,Glamira Armband Andreya
100984,GLAMIRA Bracelet Antje
100986,Glamira Armband Athirappilly
100985,Glamira Brățară Arnhem
100987,Glamira Pulsera Basha
100989,GLAMIRA Bracelet Belem
100991,Glamira Náramok Beryl
100990,Glamira Pulsera Berkelah
100993,Glamira Náramok Bettina
100994,Glamira Narukvica Bilha
100992,Glamira Armband Betio
100995,Glamira Гривна Brune
100996,Glamira Apyrankė Buenavista
100997,Glamira Brățară Buttarital
100999,Glamira Náramok Calliope
100998,Glamira Armband Callidora
101000,GLAMIRA Bracelet Camaya
101001,Glamira Pulsera Canisa
101002,Glamira Armband Cardoba
101003,Glamira Pulsera Cartagena
101004,Glamira Pulsera Celaya
101005,GLAMIRA Bracelet Celosia
101006,GLAMIRA Bracelet Charis
101007,Glamira Armband Chetumal
101008,Glamira Гривна Chitrakote
101009,Glamira Armband Chloris
101010,GLAMIRA Bracelet Colombes
101011,Glamira Armband Cressida
101013,Glamira Narukvica Curitiba
101012,Glamira Armband Creusa
101014,Glamira Narukvica Cyrene
101015,Glamira Armbånd Davis
101017,Vòng Tay GLAMIRA Deventer
101016,GLAMIRA Bracelet Delicias
101018,Glamira Rokassprādze Diadema
